{"kind":"identitytoolkit#DownloadAccountResponse","users":[{"localId":"demo_admin","createdAt":"1629782768387","lastLoginAt":"1629782768387","displayName":"demo_admin","passwordHash":"fakeHash:salt=fakeSaltRMGsDyieO5IxfFYqJREW:password=demo_admin","salt":"fakeSaltRMGsDyieO5IxfFYqJREW","passwordUpdatedAt":1629783169620,"providerUserInfo":[{"providerId":"password","email":"demo_admin@example.com","federatedId":"demo_admin@example.com","rawId":"demo_admin@example.com","displayName":"demo_admin"}],"validSince":"1629783169","email":"demo_admin@example.com","emailVerified":false,"disabled":false},{"localId":"demo_user","createdAt":"1629782768355","lastLoginAt":"1629782768355","displayName":"demo_user","passwordHash":"fakeHash:salt=fakeSaltEfvW2tHEeRHOLD8QkWXl:password=demo_user","salt":"fakeSaltEfvW2tHEeRHOLD8QkWXl","passwordUpdatedAt":1629783169621,"providerUserInfo":[{"providerId":"password","email":"demo_user@example.com","federatedId":"demo_user@example.com","rawId":"demo_user@example.com","displayName":"demo_user"}],"validSince":"1629783169","email":"demo_user@example.com","emailVerified":false,"disabled":false}]}